{
  "ridge": {
    "vie": {
      "alpha": 0.008013605547185762
    },
    "aie": {
      "alpha": 0.34060252126046325
    },
    "vea": {
      "alpha": 0.0015705760222493443
    },
    "aea": {
      "alpha": 0.0053586499760189185
    },
    "hl": {
      "alpha": 921.0104775096496
    },
    "s0s1": {
      "alpha": 0.028677537348166058
    },
    "s0t1": {
      "alpha": 0.011103102944916041
    },
    "hr": {
      "alpha": 998.9458091824961
    },
    "cr2": {
      "alpha": 991.8196067925401
    },
    "cr1": {
      "alpha": 901.6579584535126
    },
    "er": {
      "alpha": 965.2030076715652
    },
    "ar1": {
      "alpha": 872.4942655173364
    },
    "ar2": {
      "alpha": 949.6776717151662
    },
    "lumo": {
      "alpha": 0.022129429914732955
    },
    "homo": {
      "alpha": 0.020893280691679887
    }
  },
  "svr": {
    "homo": {
      "C": 1.8076853084797242,
      "epsilon": 0.14756267234552717,
      "kernel": "rbf"
    }
  },
  "krr": {
    "homo": {
      "alpha": 0.23404002388208484,
      "kernel": "laplacian"
    }
  },
  "ffn": {
    "homo": {
      "hidden_dim": 64,
      "num_layers": 1,
      "dropout": 0.2815240412786947,
      "lr": 0.0015515897304577482,
      "batch_size": 64
    }
  }
}